"bez";"spr";"spr24"
10;"10072";"10072"
14;"14026";"14025"
21;"21035";"21035"
16;"16056";"16056"
17;"17014";"17014"
3;"03038";"03038"
13;"13024";"13024"
12;"12064";"12064"
12;"12042";"12042"
7;"07017";"07017"
16;"16001";"16001"
11;"11019";"11019"
5;"05038";"05038"
10;"10062";"10062"
11;"11008";"11008"
19;"19047";"19047"
2;"02022";"02022"
18;"18039";"18039"
3;"03050";"03050"
2;"02066";"02066"
4;"04020";"04025"
8;"08014";"08014"
15;"15016";"15016"
20;"20003";"20003"
22;"22072";"22072"
17;"17037";"17037"
3;"03034";"03034"
4;"04004";"04004"
10;"10090";"10090"
1;"01014";"01013"
13;"13014";"13015"
3;"03061";"03061"
3;"03036";"03035"
12;"12005";"12005"
6;"06008";"06008"
10;"10108";"10108"
16;"16012";"16012"
5;"05004";"05004"
22;"22151";"22151"
7;"07030";"07017"
14;"14035";"14051"
17;"17036";"17036"
3;"03037";"03037"
14;"14046";"14059"
19;"19027";"19027"
23;"23061";"23061"
11;"11066";"11066"
2;"02074";"02074"
6;"06002";"06002"
19;"19044";"19044"
22;"22019";"22019"
11;"11043";"11043"
16;"16030";"16030"
3;"03013";"03013"
23;"23045";"23045"
21;"21096";"21096"
11;"11036";"11036"
10;"10124";"10124"
16;"16037";"16037"
18;"18014";"18014"
21;"21040";"21040"
21;"21073";"21073"
21;"21112";"21112"
11;"11029";"11029"
21;"21110";"21110"
3;"03020";"03020"
10;"10011";"10012"
2;"02073";"02073"
5;"05006";"05006"
19;"19017";"19064"
20;"20026";"20026"
2;"02012";"02012"
23;"23010";"23010"
20;"20048";"20048"
10;"10050";"10050"
3;"03054";"03054"
22;"22142";"22142"
21;"21058";"21058"
19;"19049";"19049"
5;"05003";"05003"
22;"22092";"22092"
4;"04018";"04018"
22;"22031";"22031"
20;"20013";"20013"
17;"17017";"17017"
19;"19008";"19008"
21;"21087";"21087"
19;"19033";"19033"
14;"14039";"14052"
14;"14043";"14056"
12;"12035";"12035"
16;"16026";"16026"
8;"08016";"08016"
16;"16077";"16073"
2;"02068";"02068"
18;"18021";"18021"
9;"09009";"09009"
16;"16010";"16010"
16;"16008";"16008"
23;"23016";"23016"
14;"14027";"14031"
23;"23020";"23020"
15;"15049";"15049"
1;"01011";"01010"
10;"10115";"10115"
2;"02071";"02071"
5;"05024";"05024"
22;"22100";"22100"
19;"19029";"19029"
22;"22082";"22082"
14;"14016";"14023"
14;"14028";"14032"
17;"17035";"17035"
21;"21116";"21116"
22;"22010";"22010"
1;"01018";"01006"
17;"17019";"17019"
21;"21041";"21041"
10;"10059";"10059"
2;"02058";"02058"
16;"16042";"16042"
20;"20011";"20011"
18;"18019";"18019"
2;"02045";"02045"
19;"19010";"19010"
2;"02027";"02027"
6;"06013";"06013"
6;"06022";"06022"
20;"20040";"20040"
6;"06024";"06024"
3;"03068";"03068"
22;"22139";"22139"
13;"13004";"13012"
21;"21091";"21091"
22;"22026";"22026"
21;"21105";"21105"
20;"20021";"20021"
10;"10068";"10068"
23;"23090";"23090"
11;"11058";"11058"
21;"21108";"21108"
12;"12050";"12050"
23;"23083";"23083"
23;"23097";"23097"
4;"04017";"04017"
23;"23017";"23017"
7;"07003";"07003"
14;"14034";"14039"
11;"11023";"11023"
3;"03024";"03024"
15;"15020";"15020"
19;"19016";"19016"
19;"19009";"19063"
2;"02040";"02040"
3;"03070";"03070"
22;"22037";"22037"
19;"19061";"19061"
2;"02059";"02059"
13;"13001";"13001"
5;"05009";"05009"
9;"09019";"09019"
19;"19048";"19048"
20;"20034";"20034"
2;"02035";"02035"
19;"19015";"19015"
22;"22103";"22103"
17;"17025";"17025"
21;"21053";"21053"
19;"19060";"19060"
11;"11014";"11014"
9;"09032";"09032"
23;"23062";"23062"
2;"02057";"02057"
11;"11068";"11068"
16;"16028";"16044"
13;"13040";"13032"
10;"10078";"10078"
20;"20030";"20030"
16;"16002";"16002"
15;"15043";"15043"
15;"15042";"15042"
22;"22118";"22118"
22;"22119";"22119"
5;"05011";"05011"
22;"22049";"22049"
23;"23091";"23091"
21;"21004";"21004"
17;"17022";"17022"
4;"04023";"04023"
14;"14069";"14044"
12;"12006";"12006"
17;"17021";"17021"
22;"22075";"22076"
16;"16040";"16040"
20;"20014";"20014"
3;"03069";"03069"
23;"23005";"23005"
16;"16082";"16055"
23;"23040";"23040"
20;"20046";"20046"
10;"10004";"10025"
6;"06005";"06005"
14;"14055";"14015"
22;"22051";"22051"
9;"09017";"09017"
20;"20039";"20039"
1;"01017";"01004"
10;"10014";"10014"
17;"17028";"17028"
16;"16079";"16028"
20;"20054";"20054"
18;"18003";"18003"
10;"10046";"10046"
19;"19056";"19056"
21;"21071";"21071"
3;"03042";"03042"
21;"21044";"21044"
2;"02017";"02017"
23;"23068";"23068"
10;"10052";"10052"
10;"10049";"10049"
23;"23026";"23026"
19;"19054";"19054"
10;"10023";"10023"
2;"02025";"02025"
23;"23050";"23098"
10;"10128";"10128"
21;"21095";"21095"
21;"21068";"21068"
11;"11063";"11063"
21;"21113";"21113"
20;"20015";"20015"
15;"15031";"15031"
16;"16006";"16006"
4;"04015";"04015"
16;"16076";"16076"
21;"21099";"21099"
23;"23092";"23092"
10;"10127";"10127"
19;"19011";"19011"
22;"22088";"22088"
11;"11070";"11070"
17;"17010";"17010"
2;"02041";"02041"
8;"08021";"08021"
14;"14005";"14030"
9;"09001";"09001"
7;"07010";"07010"
14;"14021";"14026"
23;"23079";"23079"
4;"04014";"04014"
22;"22041";"22041"
5;"05020";"05021"
16;"16073";"16072"
21;"21047";"21047"
15;"15039";"15039"
16;"16044";"16044"
10;"10117";"10117"
6;"06016";"06016"
21;"21051";"21051"
10;"10003";"10003"
9;"09018";"09018"
3;"03005";"03005"
13;"13015";"13016"
22;"22002";"22002"
19;"19055";"19055"
12;"12043";"12043"
12;"12046";"12046"
22;"22016";"22016"
7;"07021";"07021"
21;"21093";"21093"
14;"14020";"14075"
2;"02006";"02006"
7;"07016";"07016"
15;"15037";"15037"
22;"22106";"22106"
16;"16046";"16046"
8;"08003";"08003"
1;"01002";"01002"
18;"18015";"18015"
21;"21090";"21090"
22;"22061";"22061"
3;"03021";"03021"
12;"12002";"12002"
23;"23036";"23036"
23;"23060";"23060"
23;"23071";"23071"
21;"21097";"21098"
2;"02043";"02043"
2;"02016";"02016"
10;"10133";"10133"
11;"11048";"11048"
23;"23031";"23031"
15;"15022";"15022"
2;"02031";"02031"
3;"03041";"03041"
22;"22068";"22068"
22;"22108";"22108"
10;"10076";"10076"
22;"22084";"22084"
23;"23085";"23085"
22;"22034";"22034"
2;"02069";"02069"
3;"03067";"03067"
15;"15040";"15050"
15;"15019";"15019"
7;"07005";"07005"
22;"22012";"22012"
19;"19007";"19007"
4;"04012";"04012"
2;"02061";"02061"
22;"22111";"22111"
21;"21025";"21025"
2;"02037";"02037"
14;"14037";"14047"
2;"02054";"02054"
10;"10037";"10037"
11;"11026";"11026"
14;"14054";"14014"
22;"22095";"22095"
15;"15038";"15038"
13;"13011";"13008"
4;"04001";"04001"
10;"10005";"10005"
2;"02055";"02055"
16;"16066";"16066"
15;"15009";"15009"
2;"02070";"02070"
16;"16007";"16007"
23;"23014";"23014"
22;"22040";"22040"
16;"16031";"16031"
17;"17034";"17034"
2;"02046";"02046"
11;"11064";"11064"
3;"03045";"03045"
15;"15003";"15003"
16;"16019";"16019"
11;"11010";"11010"
12;"12032";"12032"
2;"02030";"02030"
5;"05015";"05015"
15;"15004";"15004"
18;"18035";"18035"
6;"06009";"06009"
16;"16009";"16009"
9;"09028";"09028"
23;"23037";"23037"
10;"10038";"10038"
23;"23003";"23003"
12;"12007";"12006"
12;"12031";"12031"
8;"08001";"08001"
6;"06011";"06011"
21;"21057";"21057"
7;"07011";"07011"
22;"22042";"22042"
10;"10067";"10067"
5;"05032";"05032"
19;"19032";"19032"
23;"23055";"23055"
16;"16014";"16014"
16;"16025";"16025"
23;"23058";"23058"
14;"14006";"14004"
23;"23074";"23075"
11;"11071";"11071"
22;"22086";"22086"
9;"09030";"09030"
22;"22097";"22097"
20;"20008";"20008"
16;"16075";"16075"
22;"22098";"22098"
12;"12048";"12048"
10;"10018";"10018"
23;"23087";"23087"
15;"15018";"15018"
10;"10056";"10031"
23;"23032";"23032"
21;"21018";"21018"
12;"12041";"12041"
2;"02062";"02062"
19;"19062";"19062"
16;"16053";"16053"
8;"08015";"08015"
12;"12039";"12039"
14;"14062";"14041"
14;"14052";"14012"
16;"16038";"16038"
13;"13027";"13026"
16;"16057";"16057"
7;"07004";"07005"
20;"20004";"20004"
23;"23084";"23084"
2;"02023";"02023"
10;"10141";"10142"
21;"21070";"21070"
20;"20023";"20023"
11;"11030";"11030"
14;"14065";"14068"
10;"10034";"10034"
14;"14029";"14033"
16;"16071";"16071"
23;"23047";"23047"
2;"02060";"02060"
21;"21085";"21085"
23;"23033";"23033"
22;"22028";"22028"
21;"21038";"21038"
22;"22014";"22014"
22;"22039";"22039"
22;"22146";"22146"
9;"09005";"09005"
23;"23072";"23072"
11;"11053";"11053"
14;"14001";"14001"
19;"19026";"19026"
22;"22032";"22032"
7;"07008";"07008"
11;"11039";"11039"
1;"01004";"01011"
21;"21126";"21126"
6;"06021";"06021"
21;"21081";"21081"
15;"15033";"15033"
12;"12037";"12037"
4;"04011";"04011"
22;"22110";"22110"
20;"20017";"20017"
21;"21069";"21069"
20;"20053";"20053"
16;"16036";"16036"
22;"22114";"22114"
2;"02063";"02063"
17;"17024";"17024"
4;"04016";"04016"
23;"23070";"23070"
2;"02029";"02029"
21;"21072";"21072"
2;"02034";"02034"
22;"22056";"22056"
10;"10080";"10080"
4;"04019";"04019"
13;"13012";"13009"
3;"03049";"03049"
19;"19013";"19013"
11;"11024";"11024"
7;"07028";"07009"
22;"22027";"22027"
23;"23088";"23088"
3;"03011";"03011"
2;"02015";"02015"
10;"10036";"10036"
14;"14061";"14040"
16;"16069";"16069"
22;"22033";"22156"
23;"23095";"23095"
21;"21078";"21078"
12;"12003";"12003"
20;"20045";"20045"
3;"03031";"03031"
22;"22121";"22121"
2;"02007";"02007"
9;"09034";"09034"
22;"22044";"22044"
10;"10057";"10057"
16;"16039";"16039"
18;"18002";"18002"
14;"14014";"14021"
13;"13028";"13027"
3;"03047";"03047"
5;"05007";"05007"
10;"10130";"10143"
21;"21010";"21010"
3;"03016";"03016"
22;"22055";"22055"
13;"13022";"13030"
19;"19030";"19030"
23;"23053";"23054"
5;"05002";"05002"
9;"09021";"09021"
22;"22081";"22081"
14;"14024";"14028"
15;"15025";"15025"
10;"10106";"10115"
12;"12045";"12045"
10;"10020";"10020"
18;"18032";"18032"
22;"22093";"22093"
6;"06006";"06006"
22;"22122";"22122"
21;"21115";"21115"
3;"03051";"03051"
15;"15014";"15014"
10;"10120";"10120"
22;"22045";"22045"
22;"22085";"22085"
19;"19003";"19003"
16;"16065";"16065"
3;"03043";"03043"
22;"22145";"22145"
17;"17005";"17005"
21;"21013";"21013"
10;"10030";"10030"
22;"22062";"22062"
21;"21029";"21029"
16;"16072";"16072"
19;"19053";"19053"
11;"11065";"11065"
23;"23029";"23029"
14;"14053";"14013"
10;"10058";"10058"
16;"16034";"16034"
21;"21060";"21060"
6;"06015";"06015"
7;"07002";"07002"
16;"16067";"16067"
19;"19040";"19040"
22;"22090";"22090"
12;"12057";"12057"
2;"02051";"02051"
9;"09010";"09010"
10;"10085";"10085"
3;"03071";"03071"
15;"15007";"15007"
13;"13034";"13039"
8;"08004";"08004"
3;"03009";"03009"
23;"23065";"23065"
6;"06025";"06025"
21;"21125";"21125"
23;"23025";"23025"
10;"10095";"10095"
19;"19038";"19038"
21;"21114";"21114"
16;"16045";"16044"
10;"10093";"10093"
21;"21120";"21120"
23;"23067";"23067"
10;"10088";"10088"
6;"06010";"06010"
21;"21059";"21059"
2;"02052";"02052"
23;"23013";"23013"
22;"22102";"22102"
21;"21045";"21045"
13;"13033";"13035"
22;"22001";"22001"
22;"22011";"22011"
8;"08007";"08007"
4;"04008";"04008"
16;"16052";"16052"
5;"05029";"05029"
11;"11060";"11060"
18;"18029";"18029"
7;"07009";"07011"
11;"11061";"11061"
22;"22024";"22024"
15;"15027";"15027"
2;"02036";"02036"
5;"05030";"05030"
7;"07013";"07013"
13;"13009";"13006"
9;"09004";"09004"
11;"11017";"11017"
22;"22048";"22048"
11;"11037";"11037"
12;"12029";"12029"
19;"19005";"19005"
4;"04022";"04024"
6;"06019";"06019"
14;"14072";"14069"
21;"21123";"21123"
22;"22006";"22006"
3;"03060";"03060"
10;"10055";"10055"
16;"16013";"16013"
10;"10060";"10060"
12;"12044";"12044"
21;"21030";"21030"
11;"11059";"11059"
22;"22009";"22009"
21;"21036";"21036"
19;"19052";"19052"
14;"14003";"14003"
23;"23089";"23089"
20;"20005";"20005"
23;"23035";"23035"
22;"22147";"22147"
10;"10110";"10110"
20;"20024";"20024"
6;"06017";"06017"
22;"22064";"22064"
6;"06001";"06001"
20;"20036";"20036"
13;"13007";"13003"
23;"23054";"23055"
22;"22152";"22155"
14;"14011";"14049"
12;"12011";"12011"
6;"06003";"06003"
16;"16024";"16025"
18;"18017";"18017"
23;"23077";"23077"
16;"16015";"16015"
22;"22004";"22004"
19;"19018";"19064"
11;"11015";"11015"
14;"14056";"14016"
22;"22104";"22104"
21;"21046";"21046"
20;"20022";"20022"
23;"23015";"23015"
16;"16064";"16076"
9;"09016";"09016"
11;"11049";"11049"
23;"23048";"23048"
10;"10102";"10102"
22;"22101";"22101"
12;"12008";"12007"
11;"11027";"11027"
10;"10136";"10136"
23;"23076";"23076"
15;"15024";"15024"
5;"05005";"05005"
16;"16049";"16049"
15;"15029";"15029"
14;"14008";"14006"
18;"18037";"18037"
10;"10119";"10119"
21;"21064";"21064"
21;"21079";"21079"
17;"17031";"17031"
19;"19058";"19058"
21;"21077";"21077"
6;"06012";"06012"
20;"20012";"20012"
22;"22065";"22066"
3;"03002";"03002"
8;"08017";"08017"
20;"20006";"20059"
17;"17015";"17015"
23;"23023";"23023"
14;"14022";"14076"
10;"10073";"10039"
21;"21088";"21088"
22;"22137";"22137"
4;"04013";"04013"
10;"10009";"10014"
2;"02005";"02005"
13;"13035";"13036"
16;"16004";"16004"
14;"14019";"14061"
14;"14012";"14030"
11;"11073";"11073"
21;"21061";"21061"
22;"22107";"22107"
2;"02008";"02008"
20;"20032";"20032"
9;"09022";"09022"
13;"13003";"13040"
23;"23001";"23001"
3;"03052";"03052"
16;"16018";"16018"
12;"12054";"12056"
16;"16051";"16066"
23;"23042";"23042"
23;"23080";"23080"
10;"10051";"10051"
20;"20055";"20055"
10;"10105";"10105"
19;"19036";"19036"
6;"06014";"06014"
10;"10045";"10045"
22;"22059";"22059"
13;"13002";"13031"
3;"03003";"03003"
12;"12028";"12028"
20;"20010";"20010"
1;"01005";"01007"
22;"22015";"22015"
21;"21023";"21023"
12;"12033";"12033"
12;"12001";"12001"
10;"10026";"10026"
21;"21050";"21050"
10;"10079";"10079"
22;"22066";"22066"
9;"09008";"09008"
10;"10012";"10012"
16;"16059";"16059"
10;"10094";"10094"
22;"22136";"22136"
22;"22076";"22076"
13;"13010";"13007"
14;"14044";"14057"
21;"21022";"21022"
14;"14051";"14011"
3;"03063";"03063"
16;"16068";"16068"
23;"23064";"23064"
11;"11002";"11002"
15;"15021";"15021"
11;"11028";"11028"
18;"18001";"18001"
21;"21032";"21032"
3;"03001";"03001"
22;"22067";"22067"
2;"02003";"02003"
18;"18026";"18026"
10;"10035";"10035"
11;"11075";"11075"
10;"10134";"10134"
1;"01006";"01009"
21;"21103";"21103"
2;"02001";"02001"
17;"17004";"17004"
20;"20050";"20050"
22;"22143";"22143"
22;"22035";"22020"
5;"05001";"05001"
5;"05037";"05037"
11;"11001";"11001"
10;"10024";"10024"
16;"16043";"16043"
13;"13041";"13031"
18;"18007";"18007"
2;"02065";"02065"
11;"11031";"11031"
3;"03022";"03072"
14;"14010";"14017"
10;"10083";"10083"
16;"16058";"16058"
13;"13031";"13037"
22;"22050";"22050"
16;"16048";"16048"
10;"10010";"10012"
23;"23100";"23100"
21;"21106";"21106"
11;"11052";"11052"
13;"13021";"13005"
10;"10027";"10027"
14;"14060";"14065"
9;"09033";"09033"
21;"21066";"21066"
22;"22096";"22096"
22;"22132";"22132"
19;"19004";"19004"
23;"23103";"23103"
15;"15006";"15006"
16;"16016";"16016"
23;"23011";"23011"
15;"15035";"15035"
10;"10096";"10096"
9;"09011";"09011"
10;"10054";"10054"
16;"16005";"16005"
4;"04007";"04007"
21;"21026";"21026"
22;"22130";"22130"
15;"15044";"15044"
12;"12040";"12040"
22;"22099";"22099"
10;"10109";"10109"
8;"08009";"08009"
17;"17023";"17023"
12;"12053";"12053"
6;"06026";"06026"
2;"02067";"02067"
10;"10091";"10092"
14;"14071";"14045"
21;"21083";"21083"
3;"03040";"03040"
22;"22094";"22094"
3;"03044";"03044"
15;"15008";"15008"
21;"21011";"21011"
10;"10042";"10042"
21;"21117";"21117"
4;"04003";"04003"
19;"19014";"19014"
10;"10114";"10114"
21;"21014";"21014"
22;"22148";"22148"
17;"17020";"17020"
17;"17026";"17026"
23;"23051";"23051"
3;"03066";"03066"
15;"15013";"15013"
10;"10053";"10053"
20;"20047";"20047"
11;"11044";"11044"
22;"22127";"22127"
2;"02018";"02018"
3;"03048";"03048"
15;"15001";"15001"
16;"16032";"16032"
21;"21015";"21015"
12;"12023";"12023"
20;"20007";"20007"
21;"21107";"21107"
15;"15030";"15030"
23;"23046";"23104"
10;"10033";"10033"
3;"03004";"03004"
10;"10132";"10132"
2;"02024";"02024"
14;"14064";"14067"
21;"21102";"21102"
22;"22105";"22105"
5;"05014";"05014"
14;"14015";"14022"
22;"22025";"22025"
2;"02009";"02009"
16;"16029";"16029"
17;"17001";"17001"
13;"13020";"13021"
22;"22013";"22013"
7;"07015";"07015"
19;"19051";"19051"
3;"03058";"03058"
14;"14002";"14002"
7;"07027";"07014"
5;"05017";"05017"
10;"10048";"10048"
21;"21024";"21024"
18;"18022";"18022"
22;"22144";"22144"
15;"15011";"15011"
22;"22057";"22057"
14;"14073";"14070"
20;"20058";"20058"
4;"04021";"04024"
10;"10064";"10064"
11;"11069";"11069"
12;"12014";"12014"
14;"14013";"14020"
2;"02042";"02042"
9;"09020";"09020"
1;"01013";"01012"
2;"02002";"02002"
3;"03012";"03012"
22;"22079";"22079"
21;"21021";"21021"
19;"19046";"19046"
3;"03008";"03008"
3;"03065";"03065"
23;"23002";"23002"
11;"11020";"11020"
22;"22149";"22149"
10;"10032";"10031"
18;"18025";"18025"
11;"11012";"11012"
7;"07001";"07001"
12;"12026";"12026"
10;"10044";"10044"
13;"13018";"13019"
3;"03027";"03027"
20;"20020";"20020"
10;"10071";"10071"
10;"10074";"10074"
2;"02056";"02056"
22;"22091";"22091"
5;"05021";"05021"
3;"03046";"03046"
22;"22018";"22018"
14;"14067";"14072"
16;"16078";"16024"
20;"20038";"20038"
11;"11041";"11041"
10;"10118";"10118"
14;"14009";"14007"
10;"10121";"10121"
21;"21052";"21052"
10;"10100";"10100"
10;"10016";"10016"
18;"18012";"18012"
12;"12017";"12016"
12;"12010";"12010"
19;"19024";"19024"
1;"01003";"01003"
3;"03064";"03064"
11;"11025";"11025"
23;"23034";"23034"
11;"11032";"11032"
19;"19001";"19001"
20;"20042";"20042"
18;"18018";"18018"
21;"21012";"21012"
15;"15023";"15023"
14;"14042";"14055"
19;"19022";"19022"
10;"10138";"10138"
6;"06004";"06004"
10;"10082";"10082"
23;"23082";"23082"
1;"01008";"01007"
10;"10092";"10092"
21;"21019";"21019"
2;"02033";"02033"
16;"16054";"16054"
9;"09023";"09023"
7;"07024";"07024"
11;"11021";"11021"
19;"19041";"19041"
22;"22080";"22080"
23;"23059";"23059"
10;"10001";"10001"
18;"18031";"18040"
16;"16020";"16020"
10;"10039";"10042"
2;"02021";"02021"
2;"02026";"02026"
10;"10015";"10015"
20;"20009";"20009"
21;"21109";"21109"
21;"21031";"21031"
10;"10006";"10006"
23;"23019";"23019"
16;"16022";"16022"
9;"09014";"09014"
21;"21067";"21067"
21;"21001";"21001"
6;"06023";"06023"
12;"12018";"12018"
22;"22053";"22053"
22;"22074";"22074"
23;"23078";"23078"
12;"12022";"12022"
12;"12030";"12030"
11;"11003";"11003"
17;"17009";"17009"
18;"18028";"18028"
1;"01001";"01001"
20;"20056";"20056"
1;"01012";"01011"
13;"13019";"13020"
10;"10116";"10116"
8;"08010";"08010"
2;"02047";"02047"
22;"22029";"22029"
10;"10131";"10131"
16;"16074";"16074"
10;"10069";"10069"
14;"14025";"14024"
23;"23049";"23049"
20;"20052";"20052"
3;"03015";"03015"
10;"10043";"10043"
21;"21104";"21104"
19;"19042";"19042"
19;"19019";"19019"
11;"11005";"11005"
21;"21027";"21027"
3;"03029";"03029"
16;"16050";"16050"
22;"22020";"22023"
23;"23093";"23093"
18;"18009";"18009"
21;"21007";"21007"
8;"08008";"08008"
14;"14007";"14005"
16;"16060";"16060"
2;"02032";"02032"
21;"21092";"21092"
4;"04010";"04026"
3;"03030";"03030"
10;"10123";"10123"
16;"16035";"16035"
2;"02050";"02050"
18;"18006";"18006"
17;"17033";"17033"
23;"23018";"23018"
14;"14041";"14054"
12;"12019";"12019"
21;"21042";"21042"
21;"21098";"21132"
10;"10017";"10017"
3;"03062";"03062"
22;"22070";"22070"
16;"16021";"16021"
1;"01010";"01014"
22;"22017";"22017"
10;"10129";"10129"
6;"06028";"06028"
2;"02004";"02004"
11;"11016";"11016"
15;"15015";"15015"
10;"10007";"10007"
5;"05036";"05036"
13;"13016";"13017"
17;"17008";"17008"
12;"12016";"12016"
12;"12065";"12065"
10;"10111";"10111"
18;"18033";"18033"
6;"06007";"06007"
23;"23069";"23069"
22;"22077";"22077"
10;"10107";"10107"
14;"14063";"14066"
21;"21049";"21049"
13;"13029";"13028"
10;"10098";"10098"
9;"09015";"09015"
21;"21065";"21065"
22;"22150";"22150"
20;"20033";"20033"
21;"21048";"21048"
10;"10002";"10002"
11;"11050";"11050"
20;"20035";"20035"
5;"05016";"05016"
23;"23102";"23102"
2;"02014";"02014"
13;"13036";"13033"
7;"07025";"07025"
21;"21124";"21124"
20;"20002";"20002"
12;"12027";"12027"
3;"03055";"03055"
16;"16041";"16041"
14;"14031";"14050"
21;"21089";"21089"
9;"09013";"09013"
2;"02011";"02011"
13;"13038";"13022"
20;"20044";"20044"
18;"18010";"18010"
22;"22030";"22030"
22;"22078";"22065"
12;"12066";"12066"
10;"10135";"10135"
19;"19006";"19006"
8;"08011";"08011"
23;"23043";"23043"
17;"17012";"17038"
12;"12060";"12060"
15;"15010";"15010"
22;"22089";"22089"
23;"23063";"23063"
23;"23027";"23027"
5;"05022";"05022"
21;"21009";"21009"
21;"21034";"21034"
5;"05035";"05035"
12;"12038";"12038"
22;"22036";"22036"
13;"13026";"13013"
21;"21086";"21086"
23;"23098";"23098"
11;"11004";"11001"
16;"16027";"16027"
12;"12058";"12058"
17;"17007";"17007"
22;"22117";"22117"
11;"11042";"11042"
21;"21101";"21101"
19;"19021";"19065"
19;"19035";"19035"
12;"12036";"12036"
3;"03053";"03053"
16;"16062";"16062"
21;"21037";"21037"
3;"03018";"03018"
19;"19037";"19037"
14;"14045";"14058"
23;"23075";"23075"
21;"21003";"21003"
12;"12049";"12049"
12;"12009";"12009"
11;"11045";"11045"
18;"18024";"18024"
12;"12013";"12013"
5;"05031";"05031"
22;"22115";"22164"
21;"21008";"21008"
6;"06027";"06027"
14;"14058";"14063"
11;"11047";"11047"
3;"03059";"03059"
21;"21028";"21028"
11;"11034";"11034"
17;"17003";"17003"
19;"19059";"19059"
22;"22123";"22123"
18;"18020";"18020"
23;"23044";"23046"
18;"18036";"18036"
11;"11057";"11057"
12;"12059";"12059"
20;"20049";"20049"
9;"09024";"09024"
8;"08019";"08019"
21;"21006";"21006"
14;"14038";"14048"
17;"17032";"17032"
10;"10008";"10008"
12;"12061";"12061"
12;"12024";"12024"
3;"03023";"03072"
18;"18034";"18034"
14;"14033";"14038"
23;"23004";"23004"
14;"14059";"14064"
21;"21054";"21054"
4;"04005";"04005"
16;"16017";"16017"
22;"22043";"22157"
22;"22022";"22022"
21;"21017";"21017"
22;"22153";"22153"
10;"10104";"10104"
5;"05023";"05023"
19;"19034";"19034"
11;"11054";"11054"
8;"08006";"08006"
10;"10126";"10126"
9;"09003";"09003"
17;"17006";"17006"
23;"23073";"23073"
15;"15041";"15041"
7;"07026";"07026"
10;"10139";"10141"
5;"05019";"05019"
15;"15046";"15046"
19;"19028";"19028"
11;"11018";"11018"
15;"15028";"15028"
23;"23086";"23086"
9;"09002";"09002"
10;"10070";"10070"
22;"22052";"22052"
19;"19012";"19012"
23;"23101";"23101"
14;"14066";"14071"
10;"10112";"10112"
10;"10140";"10142"
11;"11009";"11009"
11;"11072";"11072"
20;"20028";"20028"
22;"22063";"22063"
14;"14057";"14062"
11;"11051";"11051"
22;"22007";"22007"
12;"12020";"12008"
21;"21122";"21122"
8;"08022";"08022"
12;"12052";"12052"
18;"18013";"18013"
21;"21100";"21100"
22;"22133";"22133"
12;"12056";"12056"
21;"21082";"21082"
11;"11062";"11062"
17;"17016";"17016"
2;"02053";"02053"
19;"19050";"19050"
12;"12021";"12021"
17;"17013";"17013"
7;"07014";"07016"
7;"07006";"07006"
12;"12025";"12025"
13;"13039";"13023"
3;"03033";"03033"
20;"20016";"20016"
14;"14032";"14037"
8;"08020";"08020"
10;"10066";"10066"
23;"23096";"23096"
23;"23009";"23009"
22;"22124";"22124"
1;"01015";"01005"
10;"10063";"10063"
5;"05028";"05028"
4;"04009";"04009"
10;"10025";"10024"
10;"10031";"10056"
14;"14047";"14060"
18;"18038";"18038"
12;"12051";"12051"
10;"10137";"10137"
7;"07023";"07023"
3;"03010";"03010"
8;"08005";"08005"
8;"08013";"08013"
2;"02010";"02010"
2;"02013";"02013"
17;"17002";"17002"
21;"21020";"21020"
22;"22131";"22131"
22;"22069";"22069"
22;"22112";"22112"
11;"11040";"11040"
20;"20057";"20057"
3;"03035";"03035"
15;"15036";"15036"
19;"19043";"19043"
21;"21076";"21076"
11;"11076";"11076"
22;"22128";"22128"
20;"20051";"20051"
11;"11046";"11046"
3;"03025";"03025"
13;"13008";"13004"
22;"22021";"22021"
22;"22129";"22129"
10;"10101";"10101"
2;"02064";"02064"
22;"22071";"22071"
14;"14068";"14073"
17;"17027";"17027"
20;"20018";"20018"
16;"16033";"16033"
10;"10029";"10029"
23;"23056";"23056"
22;"22060";"22060"
21;"21080";"21080"
16;"16047";"16047"
15;"15034";"15034"
10;"10081";"10081"
2;"02019";"02019"
22;"22138";"22138"
6;"06020";"06020"
3;"03007";"03007"
10;"10047";"10047"
15;"15048";"15048"
11;"11013";"11013"
10;"10019";"10019"
14;"14050";"14010"
18;"18004";"18004"
16;"16080";"16045"
14;"14030";"14034"
14;"14040";"14053"
5;"05040";"05040"
7;"07012";"07012"
21;"21062";"21062"
22;"22087";"22087"
15;"15005";"15005"
10;"10113";"10113"
21;"21111";"21111"
20;"20031";"20031"
5;"05026";"05026"
22;"22073";"22073"
15;"15012";"15012"
23;"23007";"23007"
21;"21039";"21039"
17;"17029";"17029"
16;"16055";"16054"
9;"09012";"09012"
18;"18030";"18031"
10;"10022";"10022"
20;"20025";"20025"
21;"21043";"21043"
21;"21121";"21121"
18;"18016";"18016"
14;"14004";"14029"
19;"19039";"19039"
10;"10122";"10145"
22;"22126";"22126"
12;"12062";"12062"
2;"02039";"02039"
22;"22109";"22109"
20;"20019";"20019"
3;"03014";"03014"
12;"12047";"12047"
21;"21055";"21055"
20;"20029";"20029"
16;"16070";"16070"
20;"20037";"20037"
19;"19057";"19057"
10;"10099";"10099"
18;"18027";"18027"
10;"10103";"10144"
11;"11035";"11035"
23;"23066";"23066"
23;"23081";"23081"
10;"10077";"10077"
3;"03056";"03056"
10;"10086";"10086"
9;"09027";"09027"
14;"14048";"14077"
4;"04002";"04002"
2;"02038";"02038"
22;"22047";"22047"
12;"12063";"12067"
10;"10041";"10041"
21;"21016";"21016"
5;"05039";"05039"
3;"03026";"03026"
15;"15032";"15032"
11;"11033";"11033"
5;"05018";"05018"
22;"22008";"22008"
3;"03032";"03032"
7;"07019";"07019"
22;"22058";"22055"
8;"08012";"08012"
12;"12055";"12055"
9;"09007";"09007"
3;"03057";"03057"
19;"19002";"19002"
15;"15047";"15047"
12;"12004";"12004"
2;"02028";"02028"
22;"22135";"22135"
10;"10125";"10125"
23;"23038";"23038"
9;"09031";"09031"
18;"18011";"18011"
22;"22140";"22140"
9;"09025";"09025"
12;"12012";"12012"
23;"23028";"23028"
22;"22116";"22116"
5;"05013";"05013"
7;"07020";"07020"
22;"22154";"22154"
23;"23057";"23057"
19;"19031";"19031"
22;"22005";"22005"
13;"13037";"13038"
15;"15026";"15026"
21;"21063";"21063"
12;"12034";"12034"
15;"15002";"15002"
2;"02048";"02048"
16;"16063";"16063"
22;"22023";"22023"
15;"15017";"15017"
19;"19020";"19020"
20;"20027";"20027"
11;"11007";"11007"
22;"22083";"22083"
10;"10065";"10065"
18;"18023";"18023"
7;"07007";"07007"
5;"05012";"05012"
9;"09006";"09006"
3;"03039";"03039"
7;"07029";"07004"
22;"22003";"22003"
14;"14036";"14046"
22;"22113";"22113"
11;"11022";"11022"
2;"02044";"02044"
23;"23041";"23041"
20;"20001";"20001"
8;"08002";"08002"
21;"21033";"21033"
21;"21094";"21094"
3;"03006";"03006"
16;"16011";"16011"
1;"01016";"01005"
5;"05008";"05008"
14;"14017";"14035"
16;"16023";"16023"
23;"23008";"23008"
22;"22120";"22120"
14;"14018";"14036"
5;"05027";"05027"
10;"10097";"10097"
19;"19045";"19045"
3;"03017";"03017"
19;"19023";"19023"
10;"10089";"10089"
3;"03019";"03019"
6;"06018";"06018"
13;"13013";"13011"
22;"22046";"22046"
13;"13017";"13018"
2;"02049";"02049"
9;"09026";"09026"
10;"10040";"10040"
2;"02072";"02072"
10;"10021";"10021"
21;"21005";"21005"
11;"11056";"11056"
22;"22054";"22054"
23;"23052";"23053"
13;"13025";"13025"
10;"10075";"10075"
23;"23012";"23012"
18;"18008";"18008"
17;"17018";"17018"
13;"13030";"13029"
14;"14049";"14009"
16;"16003";"16003"
14;"14023";"14027"
3;"03028";"03028"
13;"13023";"13010"
16;"16061";"16061"
18;"18005";"18005"
21;"21075";"21075"
2;"02020";"02020"
21;"21119";"21119"
17;"17030";"17030"
11;"11074";"11074"
22;"22125";"22125"
23;"23021";"23021"
21;"21074";"21074"
23;"23006";"23006"
15;"15045";"15045"
5;"05033";"05033"
11;"11055";"11055"
14;"14070";"14074"
13;"13006";"13041"
9;"09029";"09029"
1;"01009";"01013"
21;"21118";"21118"
23;"23024";"23024"
5;"05010";"05010"
21;"21056";"21056"
11;"11067";"11067"
12;"12015";"12015"
21;"21084";"21084"
10;"10084";"10084"
8;"08018";"08018"
20;"20043";"20043"
13;"13005";"13014"
23;"23039";"23039"
5;"05025";"05025"
4;"04006";"04006"
10;"10028";"10028"
23;"23094";"23104"
7;"07018";"07018"
22;"22134";"22134"
5;"05034";"05034"
19;"19025";"19025"
13;"13032";"13034"
21;"21002";"21002"
20;"20041";"20041"
16;"16081";"16051"
23;"23099";"23099"
10;"10061";"10061"
10;"10087";"10087"
11;"11038";"11038"
11;"11006";"11006"
7;"07022";"07022"
11;"11011";"11011"
23;"23030";"23030"
1;"01007";"01009"
17;"17011";"17011"
23;"23022";"23022"
22;"22141";"22141"
22;"22038";"22029"
10;"10013";"10013"
